KARNATAKA%29,BENGALURU RURAL%526,HOSAKOTE%5604,AGASARAHALLI%625598
KARNATAKA%29,BENGALURU RURAL%526,HOSAKOTE%5604,AGRAHARA VADDAHALLI%625553
KARNATAKA%29,BENGALURU RURAL%526,HOSAKOTE%5604,AJJAGONDAHALLI%625735
KARNATAKA%29,BENGALURU RURAL%526,HOSAKOTE%5604,ALAGONDAHALLI%625628
KARNATAKA%29,BENGALURU RURAL%526,HOSAKOTE%5604,ALAPPANAHALLI%625684
KARNATAKA%29,BENGALURU RURAL%526,HOSAKOTE%5604,AMBALIPURA%625633
KARNATAKA%29,BENGALURU RURAL%526,HOSAKOTE%5604,ANKONAHALLI%625487
KARNATAKA%29,BENGALURU RURAL%526,HOSAKOTE%5604,ANUGONDAHALLI%625730
KARNATAKA%29,BENGALURU RURAL%526,HOSAKOTE%5604,ANUPAHALLI%625470
KARNATAKA%29,BENGALURU RURAL%526,HOSAKOTE%5604,APPAJIPURA%625714
KARNATAKA%29,BENGALURU RURAL%526,HOSAKOTE%5604,APPASANDRA%625631
KARNATAKA%29,BENGALURU RURAL%526,HOSAKOTE%5604,APPASANDRA PLANTATION%625630
KARNATAKA%29,BENGALURU RURAL%526,HOSAKOTE%5604,ARALAGERE AMANIKERE%625496
KARNATAKA%29,BENGALURU RURAL%526,HOSAKOTE%5604,ARASANAHALLI%625488
KARNATAKA%29,BENGALURU RURAL%526,HOSAKOTE%5604,AREHALLI%625542
KARNATAKA%29,BENGALURU RURAL%526,HOSAKOTE%5604,ARLEMAKANAHALLI%625649
KARNATAKA%29,BENGALURU RURAL%526,HOSAKOTE%5604,ARLEMAKANAHALLI DISTRICT PLANTATION%625650
KARNATAKA%29,BENGALURU RURAL%526,HOSAKOTE%5604,ARLEMAKANAHALLI PLANTATION%625648
KARNATAKA%29,BENGALURU RURAL%526,HOSAKOTE%5604,ATTIBELE%625510
KARNATAKA%29,BENGALURU RURAL%526,HOSAKOTE%5604,ATTIVATTA%625635
KARNATAKA%29,BENGALURU RURAL%526,HOSAKOTE%5604,ATTUR%625620
KARNATAKA%29,BENGALURU RURAL%526,HOSAKOTE%5604,BAGALUR%625531
KARNATAKA%29,BENGALURU RURAL%526,HOSAKOTE%5604,BAGUR%625754
KARNATAKA%29,BENGALURU RURAL%526,HOSAKOTE%5604,BALENAHALLI%625477
KARNATAKA%29,BENGALURU RURAL%526,HOSAKOTE%5604,BANAHALLI%625547
KARNATAKA%29,BENGALURU RURAL%526,HOSAKOTE%5604,BANAMAKANAHALLI%625603
KARNATAKA%29,BENGALURU RURAL%526,HOSAKOTE%5604,BANARAHALLI%625747
KARNATAKA%29,BENGALURU RURAL%526,HOSAKOTE%5604,BANDAHALLI%625571
KARNATAKA%29,BENGALURU RURAL%526,HOSAKOTE%5604,BASABATHANAHALLI%625746
KARNATAKA%29,BENGALURU RURAL%526,HOSAKOTE%5604,BATHIGANAHALLI%625485
KARNATAKA%29,BENGALURU RURAL%526,HOSAKOTE%5604,BAVAPURA%625499
KARNATAKA%29,BENGALURU RURAL%526,HOSAKOTE%5604,BEERAHALLI%625596
KARNATAKA%29,BENGALURU RURAL%526,HOSAKOTE%5604,BEGUR%625529
KARNATAKA%29,BENGALURU RURAL%526,HOSAKOTE%5604,BELAMANGALA%625645
KARNATAKA%29,BENGALURU RURAL%526,HOSAKOTE%5604,BELLIKERE%625739
KARNATAKA%29,BENGALURU RURAL%526,HOSAKOTE%5604,BENDIGANAHALLI%625480
KARNATAKA%29,BENGALURU RURAL%526,HOSAKOTE%5604,BETTAHALLI%625506
KARNATAKA%29,BENGALURU RURAL%526,HOSAKOTE%5604,BHAKTHAGONDAHALLI%625654
KARNATAKA%29,BENGALURU RURAL%526,HOSAKOTE%5604,BHAKTHARAHALLI%625711
KARNATAKA%29,BENGALURU RURAL%526,HOSAKOTE%5604,BHEEMAKKANAHALLI%625533
KARNATAKA%29,BENGALURU RURAL%526,HOSAKOTE%5604,BHEEMAPURA%625587
KARNATAKA%29,BENGALURU RURAL%526,HOSAKOTE%5604,BHODANAHOSAHALLI%625721
KARNATAKA%29,BENGALURU RURAL%526,HOSAKOTE%5604,BHUVANAHALLI%625501
KARNATAKA%29,BENGALURU RURAL%526,HOSAKOTE%5604,BISANAHALLI%625586
KARNATAKA%29,BENGALURU RURAL%526,HOSAKOTE%5604,BOMMANABANDE%625679
KARNATAKA%29,BENGALURU RURAL%526,HOSAKOTE%5604,BYLAHALLI%625740
KARNATAKA%29,BENGALURU RURAL%526,HOSAKOTE%5604,BYLANARASAPURA%625567
KARNATAKA%29,BENGALURU RURAL%526,HOSAKOTE%5604,BYRAHALLI%625743
KARNATAKA%29,BENGALURU RURAL%526,HOSAKOTE%5604,CHANDRAPURA%625651
KARNATAKA%29,BENGALURU RURAL%526,HOSAKOTE%5604,CHANNAPURA%625618
KARNATAKA%29,BENGALURU RURAL%526,HOSAKOTE%5604,CHEEMANDAHALLI%625718
KARNATAKA%29,BENGALURU RURAL%526,HOSAKOTE%5604,CHEEMASANDRA%625475
KARNATAKA%29,BENGALURU RURAL%526,HOSAKOTE%5604,CHIKKA AMANIKERE%625686
KARNATAKA%29,BENGALURU RURAL%526,HOSAKOTE%5604,CHIKKAGATTIGANABBE%625717
KARNATAKA%29,BENGALURU RURAL%526,HOSAKOTE%5604,CHIKKAHULLUR%625694
KARNATAKA%29,BENGALURU RURAL%526,HOSAKOTE%5604,CHIKKAKOLIGA%625526
KARNATAKA%29,BENGALURU RURAL%526,HOSAKOTE%5604,CHIKKAKORATI%924477
KARNATAKA%29,BENGALURU RURAL%526,HOSAKOTE%5604,CHIKKAKURUBARAHALLI%625467
KARNATAKA%29,BENGALURU RURAL%526,HOSAKOTE%5604,CHIKKANAHALLI%625588
KARNATAKA%29,BENGALURU RURAL%526,HOSAKOTE%5604,CHIKKANALLALA%625611
KARNATAKA%29,BENGALURU RURAL%526,HOSAKOTE%5604,CHIKKANALLURAHALLI%625699
KARNATAKA%29,BENGALURU RURAL%526,HOSAKOTE%5604,CHIKKARALAGERE%625481
KARNATAKA%29,BENGALURU RURAL%526,HOSAKOTE%5604,CHIKKATHAGGALI%625641
KARNATAKA%29,BENGALURU RURAL%526,HOSAKOTE%5604,CHIKKONDAHALLI%625540
KARNATAKA%29,BENGALURU RURAL%526,HOSAKOTE%5604,CHINNANDAHALLI%625610
KARNATAKA%29,BENGALURU RURAL%526,HOSAKOTE%5604,CHINNATHIMMANAGOLLA HALLI%625584
KARNATAKA%29,BENGALURU RURAL%526,HOSAKOTE%5604,CHOKKAHALLI%625695
KARNATAKA%29,BENGALURU RURAL%526,HOSAKOTE%5604,CHOKKASANDRA%625564
KARNATAKA%29,BENGALURU RURAL%526,HOSAKOTE%5604,CHOLAPPANAHALLI%625696
KARNATAKA%29,BENGALURU RURAL%526,HOSAKOTE%5604,CHOWDASANDRA%625504
KARNATAKA%29,BENGALURU RURAL%526,HOSAKOTE%5604,DABBAGUNTE%625612
KARNATAKA%29,BENGALURU RURAL%526,HOSAKOTE%5604,DALASAGERE%625541
KARNATAKA%29,BENGALURU RURAL%526,HOSAKOTE%5604,DANDUPALYA%938776
KARNATAKA%29,BENGALURU RURAL%526,HOSAKOTE%5604,DASARAHALLI%625701
KARNATAKA%29,BENGALURU RURAL%526,HOSAKOTE%5604,DASARATHIMMANAHALLI%625698
KARNATAKA%29,BENGALURU RURAL%526,HOSAKOTE%5604,DEVALAPURA%625723
KARNATAKA%29,BENGALURU RURAL%526,HOSAKOTE%5604,DEVANAGONDI%625724
KARNATAKA%29,BENGALURU RURAL%526,HOSAKOTE%5604,DEVANAGONDI HOSAHALLI%625728
KARNATAKA%29,BENGALURU RURAL%526,HOSAKOTE%5604,DEVARA GOLLAHALLI%625680
KARNATAKA%29,BENGALURU RURAL%526,HOSAKOTE%5604,DEVASETTIHALLI%625663
KARNATAKA%29,BENGALURU RURAL%526,HOSAKOTE%5604,DIMBAHALLI%625476
KARNATAKA%29,BENGALURU RURAL%526,HOSAKOTE%5604,DODDA AMANIKERE%625708
KARNATAKA%29,BENGALURU RURAL%526,HOSAKOTE%5604,DODDADASARAHALLI%625670
KARNATAKA%29,BENGALURU RURAL%526,HOSAKOTE%5604,DODDADENAHALLI%625627
KARNATAKA%29,BENGALURU RURAL%526,HOSAKOTE%5604,DODDADUNNASANDRA%625722
KARNATAKA%29,BENGALURU RURAL%526,HOSAKOTE%5604,DODDAGANAHALLI%625561
KARNATAKA%29,BENGALURU RURAL%526,HOSAKOTE%5604,DODDAGATTIGANABBE%625710
KARNATAKA%29,BENGALURU RURAL%526,HOSAKOTE%5604,DODDAHARADI PLANTATION%625535
KARNATAKA%29,BENGALURU RURAL%526,HOSAKOTE%5604,DODDAHULLUR%625693
KARNATAKA%29,BENGALURU RURAL%526,HOSAKOTE%5604,DODDAKOLIGA%625527
KARNATAKA%29,BENGALURU RURAL%526,HOSAKOTE%5604,DODDANALLALA%625623
KARNATAKA%29,BENGALURU RURAL%526,HOSAKOTE%5604,DODDANALLALA PLANTATION%625622
KARNATAKA%29,BENGALURU RURAL%526,HOSAKOTE%5604,DODDANALLURAHALLI%625606
KARNATAKA%29,BENGALURU RURAL%526,HOSAKOTE%5604,DODDARALAGERE%625494
KARNATAKA%29,BENGALURU RURAL%526,HOSAKOTE%5604,DODDARAMANAHALLI%625600
KARNATAKA%29,BENGALURU RURAL%526,HOSAKOTE%5604,DODDATHAGGALI%625640
KARNATAKA%29,BENGALURU RURAL%526,HOSAKOTE%5604,DODDENAHALLI%625580
KARNATAKA%29,BENGALURU RURAL%526,HOSAKOTE%5604,D.SETTIHALLI%625579
KARNATAKA%29,BENGALURU RURAL%526,HOSAKOTE%5604,DYAVASANDRA%625479
KARNATAKA%29,BENGALURU RURAL%526,HOSAKOTE%5604,EKARAJAPURA%625522
KARNATAKA%29,BENGALURU RURAL%526,HOSAKOTE%5604,ESTHUR%625474
KARNATAKA%29,BENGALURU RURAL%526,HOSAKOTE%5604,ESTHUR AMANIKERE%625471
KARNATAKA%29,BENGALURU RURAL%526,HOSAKOTE%5604,ESTHUR HOSAHALLI%625472
KARNATAKA%29,BENGALURU RURAL%526,HOSAKOTE%5604,GANAGALU%625706
KARNATAKA%29,BENGALURU RURAL%526,HOSAKOTE%5604,GANAGALUR%625759
KARNATAKA%29,BENGALURU RURAL%526,HOSAKOTE%5604,GANGAPURA%625604
KARNATAKA%29,BENGALURU RURAL%526,HOSAKOTE%5604,GANJARALAHALLI (D)%910284
KARNATAKA%29,BENGALURU RURAL%526,HOSAKOTE%5604,GEDDALAHALLIPURA%625548
KARNATAKA%29,BENGALURU RURAL%526,HOSAKOTE%5604,GERAHALLI%625592
KARNATAKA%29,BENGALURU RURAL%526,HOSAKOTE%5604,GIDDANAHALLI%625551
KARNATAKA%29,BENGALURU RURAL%526,HOSAKOTE%5604,GIDDAPPANAHALLI%625507
KARNATAKA%29,BENGALURU RURAL%526,HOSAKOTE%5604,GONAKANAHALLI%625644
KARNATAKA%29,BENGALURU RURAL%526,HOSAKOTE%5604,GORAVIHALLI%625594
KARNATAKA%29,BENGALURU RURAL%526,HOSAKOTE%5604,GOTTIPURA%625619
KARNATAKA%29,BENGALURU RURAL%526,HOSAKOTE%5604,GOVINDAPURA%625659
KARNATAKA%29,BENGALURU RURAL%526,HOSAKOTE%5604,GUDDADACHANNENAHALLI%625602
KARNATAKA%29,BENGALURU RURAL%526,HOSAKOTE%5604,GUGUTTAHALLI%625624
KARNATAKA%29,BENGALURU RURAL%526,HOSAKOTE%5604,GULLAHALLI%625503
KARNATAKA%29,BENGALURU RURAL%526,HOSAKOTE%5604,GULLAKAIPURA%625737
KARNATAKA%29,BENGALURU RURAL%526,HOSAKOTE%5604,GULLENAHALLI%625574
KARNATAKA%29,BENGALURU RURAL%526,HOSAKOTE%5604,GUNDRAHALLI%625532
KARNATAKA%29,BENGALURU RURAL%526,HOSAKOTE%5604,GUNDUR%625755
KARNATAKA%29,BENGALURU RURAL%526,HOSAKOTE%5604,HALASAHALLI%625702
KARNATAKA%29,BENGALURU RURAL%526,HOSAKOTE%5604,HALASAKAIPURA%625613
KARNATAKA%29,BENGALURU RURAL%526,HOSAKOTE%5604,HALLEVOORU (D)%910273
KARNATAKA%29,BENGALURU RURAL%526,HOSAKOTE%5604,HANDENAHALLI%625745
KARNATAKA%29,BENGALURU RURAL%526,HOSAKOTE%5604,HANIYUR%625478
KARNATAKA%29,BENGALURU RURAL%526,HOSAKOTE%5604,HARALUR%625647
KARNATAKA%29,BENGALURU RURAL%526,HOSAKOTE%5604,HAROHALLI%625733
KARNATAKA%29,BENGALURU RURAL%526,HOSAKOTE%5604,HASIGALA%625516
KARNATAKA%29,BENGALURU RURAL%526,HOSAKOTE%5604,HEDAKANAHALLI%625568
KARNATAKA%29,BENGALURU RURAL%526,HOSAKOTE%5604,HEMMANDAHALLI%625731
KARNATAKA%29,BENGALURU RURAL%526,HOSAKOTE%5604,HETHAKKI%625597
KARNATAKA%29,BENGALURU RURAL%526,HOSAKOTE%5604,HINDIGANALA%625538
KARNATAKA%29,BENGALURU RURAL%526,HOSAKOTE%5604,HONACHANAHALLI%625677
KARNATAKA%29,BENGALURU RURAL%526,HOSAKOTE%5604,HOSADIMBAHALLI%625500
KARNATAKA%29,BENGALURU RURAL%526,HOSAKOTE%5604,HOSAHARDI%625536
KARNATAKA%29,BENGALURU RURAL%526,HOSAKOTE%5604,HOSAKOTE%938777
KARNATAKA%29,BENGALURU RURAL%526,HOSAKOTE%5604,HOSAVENKATAPURA%625537
KARNATAKA%29,BENGALURU RURAL%526,HOSAKOTE%5604,HULLUR AMANIKERE%625703
KARNATAKA%29,BENGALURU RURAL%526,HOSAKOTE%5604,HULUVANAHALLI%625572
KARNATAKA%29,BENGALURU RURAL%526,HOSAKOTE%5604,HUNASEHALLI%625668
KARNATAKA%29,BENGALURU RURAL%526,HOSAKOTE%5604,IMANAHALLI%625468
KARNATAKA%29,BENGALURU RURAL%526,HOSAKOTE%5604,INJANAHALLI%625632
KARNATAKA%29,BENGALURU RURAL%526,HOSAKOTE%5604,ITTASANDRA%625534
KARNATAKA%29,BENGALURU RURAL%526,HOSAKOTE%5604,JADIGENAHALLI%625646
KARNATAKA%29,BENGALURU RURAL%526,HOSAKOTE%5604,JADIGENAHALLI PLANTATION%625638
KARNATAKA%29,BENGALURU RURAL%526,HOSAKOTE%5604,JINNAGARA%625662
KARNATAKA%29,BENGALURU RURAL%526,HOSAKOTE%5604,KACHARAKANAHALLI%625666
KARNATAKA%29,BENGALURU RURAL%526,HOSAKOTE%5604,KACHIPURADAKAMBADA BEEDU%625482
KARNATAKA%29,BENGALURU RURAL%526,HOSAKOTE%5604,KADARANAPURA%625490
KARNATAKA%29,BENGALURU RURAL%526,HOSAKOTE%5604,KALAPPANAHALLI%625591
KARNATAKA%29,BENGALURU RURAL%526,HOSAKOTE%5604,KALKUNTE AGRAHARA%625749
KARNATAKA%29,BENGALURU RURAL%526,HOSAKOTE%5604,KALLAHALLI%625688
KARNATAKA%29,BENGALURU RURAL%526,HOSAKOTE%5604,KAMARASANAHALLI%625678
KARNATAKA%29,BENGALURU RURAL%526,HOSAKOTE%5604,KAMBLIPURA%625521
KARNATAKA%29,BENGALURU RURAL%526,HOSAKOTE%5604,KAMMASANDRA%625515
KARNATAKA%29,BENGALURU RURAL%526,HOSAKOTE%5604,KANEKALLU%625667
KARNATAKA%29,BENGALURU RURAL%526,HOSAKOTE%5604,KANNURAHALLI%625705
KARNATAKA%29,BENGALURU RURAL%526,HOSAKOTE%5604,KARAHALLI%625556
KARNATAKA%29,BENGALURU RURAL%526,HOSAKOTE%5604,KARAPANAHALLI%625576
KARNATAKA%29,BENGALURU RURAL%526,HOSAKOTE%5604,KARIBEERANAHOSAHALLI%625653
KARNATAKA%29,BENGALURU RURAL%526,HOSAKOTE%5604,KATTIGENAHALLI%625656
KARNATAKA%29,BENGALURU RURAL%526,HOSAKOTE%5604,KEMBALIGANAHALLI%625583
KARNATAKA%29,BENGALURU RURAL%526,HOSAKOTE%5604,KEMPAPURA%625520
KARNATAKA%29,BENGALURU RURAL%526,HOSAKOTE%5604,KHAJIHOSAHALLI%625676
KARNATAKA%29,BENGALURU RURAL%526,HOSAKOTE%5604,KODIHALLI%625664
KARNATAKA%29,BENGALURU RURAL%526,HOSAKOTE%5604,KODIPURA%625508
KARNATAKA%29,BENGALURU RURAL%526,HOSAKOTE%5604,KOLALACHANNENAHALLI%625601
KARNATAKA%29,BENGALURU RURAL%526,HOSAKOTE%5604,KOLATHUR%625704
KARNATAKA%29,BENGALURU RURAL%526,HOSAKOTE%5604,KONDRAHALLI%625566
KARNATAKA%29,BENGALURU RURAL%526,HOSAKOTE%5604,KORALUR%625713
KARNATAKA%29,BENGALURU RURAL%526,HOSAKOTE%5604,KORATI%625559
KARNATAKA%29,BENGALURU RURAL%526,HOSAKOTE%5604,KOTUR%625736
KARNATAKA%29,BENGALURU RURAL%526,HOSAKOTE%5604,K.SATHYAWARA%625578
KARNATAKA%29,BENGALURU RURAL%526,HOSAKOTE%5604,K.SETTIHALLI%625555
KARNATAKA%29,BENGALURU RURAL%526,HOSAKOTE%5604,KUMBALAHALLI%625687
KARNATAKA%29,BENGALURU RURAL%526,HOSAKOTE%5604,KURUBARA GOLLAHALLI%625658
KARNATAKA%29,BENGALURU RURAL%526,HOSAKOTE%5604,KURUBARAHALLI%625689
KARNATAKA%29,BENGALURU RURAL%526,HOSAKOTE%5604,LAKKONDAHALLI%625681
KARNATAKA%29,BENGALURU RURAL%526,HOSAKOTE%5604,LINGADEERAMALLASANDRA%625725
KARNATAKA%29,BENGALURU RURAL%526,HOSAKOTE%5604,LINGAPURA%625595
KARNATAKA%29,BENGALURU RURAL%526,HOSAKOTE%5604,MAKANAHALLI%625669
KARNATAKA%29,BENGALURU RURAL%526,HOSAKOTE%5604,MALIMAKANAPURA%625697
KARNATAKA%29,BENGALURU RURAL%526,HOSAKOTE%5604,MALLASANDRA%625712
KARNATAKA%29,BENGALURU RURAL%526,HOSAKOTE%5604,MALLYAPPANAHALLI%625585
KARNATAKA%29,BENGALURU RURAL%526,HOSAKOTE%5604,MANCHAPPANAHALLI%625590
KARNATAKA%29,BENGALURU RURAL%526,HOSAKOTE%5604,MARAGONDANAHALLI%625657
KARNATAKA%29,BENGALURU RURAL%526,HOSAKOTE%5604,MARAMGERE%625758
KARNATAKA%29,BENGALURU RURAL%526,HOSAKOTE%5604,MARASANDAHALLI%625599
KARNATAKA%29,BENGALURU RURAL%526,HOSAKOTE%5604,MATTABARLU%625483
KARNATAKA%29,BENGALURU RURAL%526,HOSAKOTE%5604,MATTANAHALLI%625637
KARNATAKA%29,BENGALURU RURAL%526,HOSAKOTE%5604,MEDIHALLI%625727
KARNATAKA%29,BENGALURU RURAL%526,HOSAKOTE%5604,MEDIMALLASANDRA%625744
KARNATAKA%29,BENGALURU RURAL%526,HOSAKOTE%5604,MEDUR%625554
KARNATAKA%29,BENGALURU RURAL%526,HOSAKOTE%5604,MOTHAKADAHALLI%625565
KARNATAKA%29,BENGALURU RURAL%526,HOSAKOTE%5604,M.SATHYAWARA%625514
KARNATAKA%29,BENGALURU RURAL%526,HOSAKOTE%5604,MUDDENAHALLI%625563
KARNATAKA%29,BENGALURU RURAL%526,HOSAKOTE%5604,MUGABALA%625608
KARNATAKA%29,BENGALURU RURAL%526,HOSAKOTE%5604,MUGABALA HOSAHALLI%625615
KARNATAKA%29,BENGALURU RURAL%526,HOSAKOTE%5604,MUMYNAHOSAHALLI%625577
KARNATAKA%29,BENGALURU RURAL%526,HOSAKOTE%5604,MUTHAKADAHALLI%625751
KARNATAKA%29,BENGALURU RURAL%526,HOSAKOTE%5604,MUTHASANDRA%625523
KARNATAKA%29,BENGALURU RURAL%526,HOSAKOTE%5604,MUTHKUR%625741
KARNATAKA%29,BENGALURU RURAL%526,HOSAKOTE%5604,MUTHUKADAHALLI%625528
KARNATAKA%29,BENGALURU RURAL%526,HOSAKOTE%5604,MYLAPURA%625616
KARNATAKA%29,BENGALURU RURAL%526,HOSAKOTE%5604,NADUVATHI%625715
KARNATAKA%29,BENGALURU RURAL%526,HOSAKOTE%5604,NAGANAYAKANAKOTE%625732
KARNATAKA%29,BENGALURU RURAL%526,HOSAKOTE%5604,NAGARENAHALLI%625525
KARNATAKA%29,BENGALURU RURAL%526,HOSAKOTE%5604,NAKKANAHALLI%625607
KARNATAKA%29,BENGALURU RURAL%526,HOSAKOTE%5604,NALLAGANAHALLI%625486
KARNATAKA%29,BENGALURU RURAL%526,HOSAKOTE%5604,NANDAGUDI%625550
KARNATAKA%29,BENGALURU RURAL%526,HOSAKOTE%5604,NELAVAGILU%625544
KARNATAKA%29,BENGALURU RURAL%526,HOSAKOTE%5604,N.HOSAHALLI%625562
KARNATAKA%29,BENGALURU RURAL%526,HOSAKOTE%5604,NIDAGATTA%625621
KARNATAKA%29,BENGALURU RURAL%526,HOSAKOTE%5604,OBALAPURA%625729
KARNATAKA%29,BENGALURU RURAL%526,HOSAKOTE%5604,OBLAHALLI%625573
KARNATAKA%29,BENGALURU RURAL%526,HOSAKOTE%5604,OROHALLI%625639
KARNATAKA%29,BENGALURU RURAL%526,HOSAKOTE%5604,PARAMANAHALLI%625671
KARNATAKA%29,BENGALURU RURAL%526,HOSAKOTE%5604,PETHANAHALLI%625707
KARNATAKA%29,BENGALURU RURAL%526,HOSAKOTE%5604,PILLAGUMPE%625700
KARNATAKA%29,BENGALURU RURAL%526,HOSAKOTE%5604,POOJARAMANAHALLI%625609
KARNATAKA%29,BENGALURU RURAL%526,HOSAKOTE%5604,POOJENA AGRAHARA%625716
KARNATAKA%29,BENGALURU RURAL%526,HOSAKOTE%5604,PULIMANCHI%625502
KARNATAKA%29,BENGALURU RURAL%526,HOSAKOTE%5604,RALKUNTE%625473
KARNATAKA%29,BENGALURU RURAL%526,HOSAKOTE%5604,RAMAGOVINDAPURA%625549
KARNATAKA%29,BENGALURU RURAL%526,HOSAKOTE%5604,RAMAPURA%625489
KARNATAKA%29,BENGALURU RURAL%526,HOSAKOTE%5604,SADAPPANAHALLI%625513
KARNATAKA%29,BENGALURU RURAL%526,HOSAKOTE%5604,SAMETHANAHALLI%625720
KARNATAKA%29,BENGALURU RURAL%526,HOSAKOTE%5604,SARAKANUR%625545
KARNATAKA%29,BENGALURU RURAL%526,HOSAKOTE%5604,SARAKARIGUTTAHALLI%625709
KARNATAKA%29,BENGALURU RURAL%526,HOSAKOTE%5604,SARAKAR VADDAHALLI%625552
KARNATAKA%29,BENGALURU RURAL%526,HOSAKOTE%5604,SASHIMAKANAHALLI%625495
KARNATAKA%29,BENGALURU RURAL%526,HOSAKOTE%5604,SATHIGENAHALLI%625570
KARNATAKA%29,BENGALURU RURAL%526,HOSAKOTE%5604,SHANKANIPURA%625683
KARNATAKA%29,BENGALURU RURAL%526,HOSAKOTE%5604,SHANTANAPURA%625484
KARNATAKA%29,BENGALURU RURAL%526,HOSAKOTE%5604,SHIVADENAHALLI%625518
KARNATAKA%29,BENGALURU RURAL%526,HOSAKOTE%5604,SHIVANAPURA%625575
KARNATAKA%29,BENGALURU RURAL%526,HOSAKOTE%5604,SHIVAPURA%625469
KARNATAKA%29,BENGALURU RURAL%526,HOSAKOTE%5604,SIDDANAHALLI%625492
KARNATAKA%29,BENGALURU RURAL%526,HOSAKOTE%5604,SIDDANAPURA%625756
KARNATAKA%29,BENGALURU RURAL%526,HOSAKOTE%5604,SIDDAPURA%625582
KARNATAKA%29,BENGALURU RURAL%526,HOSAKOTE%5604,S.NARAYANAKERE%625748
KARNATAKA%29,BENGALURU RURAL%526,HOSAKOTE%5604,SOLUR%625636
KARNATAKA%29,BENGALURU RURAL%526,HOSAKOTE%5604,SOMALAPURA%625726
KARNATAKA%29,BENGALURU RURAL%526,HOSAKOTE%5604,SOMPURA%625690
KARNATAKA%29,BENGALURU RURAL%526,HOSAKOTE%5604,SONNADENAHALLI%625691
KARNATAKA%29,BENGALURU RURAL%526,HOSAKOTE%5604,SONNAHALLIPURA%625519
KARNATAKA%29,BENGALURU RURAL%526,HOSAKOTE%5604,SONNEBYCHANAHALLI%625530
KARNATAKA%29,BENGALURU RURAL%526,HOSAKOTE%5604,SONNEKEMPANAHALLI%625558
KARNATAKA%29,BENGALURU RURAL%526,HOSAKOTE%5604,SRINIVASAPURA%625498
KARNATAKA%29,BENGALURU RURAL%526,HOSAKOTE%5604,SULIBELE%625491
KARNATAKA%29,BENGALURU RURAL%526,HOSAKOTE%5604,THAGGALI HOSAHALLI%625642
KARNATAKA%29,BENGALURU RURAL%526,HOSAKOTE%5604,THAMMARASANAHALLI%625493
KARNATAKA%29,BENGALURU RURAL%526,HOSAKOTE%5604,THAMMARAYASANDRA AGRAHARA%625497
KARNATAKA%29,BENGALURU RURAL%526,HOSAKOTE%5604,THARABAHALLI%625539
KARNATAKA%29,BENGALURU RURAL%526,HOSAKOTE%5604,THATHNUR%625752
KARNATAKA%29,BENGALURU RURAL%526,HOSAKOTE%5604,THATHNUR PLANTATION%625760
KARNATAKA%29,BENGALURU RURAL%526,HOSAKOTE%5604,THAVAREKERE%625593
KARNATAKA%29,BENGALURU RURAL%526,HOSAKOTE%5604,THAVATAHALLI%625634
KARNATAKA%29,BENGALURU RURAL%526,HOSAKOTE%5604,THENEYUR%625466
KARNATAKA%29,BENGALURU RURAL%526,HOSAKOTE%5604,THIMMADAHALLI%625734
KARNATAKA%29,BENGALURU RURAL%526,HOSAKOTE%5604,THIMMAPPANAHALLI%625465
KARNATAKA%29,BENGALURU RURAL%526,HOSAKOTE%5604,THIMMAPURA%625625
KARNATAKA%29,BENGALURU RURAL%526,HOSAKOTE%5604,THIMMASANDRA%625517
KARNATAKA%29,BENGALURU RURAL%526,HOSAKOTE%5604,THINDLU%625674
KARNATAKA%29,BENGALURU RURAL%526,HOSAKOTE%5604,THINDLU PLANTATION%625673
KARNATAKA%29,BENGALURU RURAL%526,HOSAKOTE%5604,THIRATAHALLI%625643
KARNATAKA%29,BENGALURU RURAL%526,HOSAKOTE%5604,THIRUMALASETTIHALLI%625719
KARNATAKA%29,BENGALURU RURAL%526,HOSAKOTE%5604,THIRUVARANGA%625753
KARNATAKA%29,BENGALURU RURAL%526,HOSAKOTE%5604,UMMALU%625626
KARNATAKA%29,BENGALURU RURAL%526,HOSAKOTE%5604,UPPARAHALLI%625685
KARNATAKA%29,BENGALURU RURAL%526,HOSAKOTE%5604,VABASANDRA%625682
KARNATAKA%29,BENGALURU RURAL%526,HOSAKOTE%5604,VADIGEHALLI%625652
KARNATAKA%29,BENGALURU RURAL%526,HOSAKOTE%5604,VAGATA%625660
KARNATAKA%29,BENGALURU RURAL%526,HOSAKOTE%5604,VAGATA AGRAHARA%625661
KARNATAKA%29,BENGALURU RURAL%526,HOSAKOTE%5604,VALAGEREPURA%625509
KARNATAKA%29,BENGALURU RURAL%526,HOSAKOTE%5604,VANAMANAHALLI%625505
KARNATAKA%29,BENGALURU RURAL%526,HOSAKOTE%5604,VARADAPURA%938778
KARNATAKA%29,BENGALURU RURAL%526,HOSAKOTE%5604,VEERAPURA%625614
KARNATAKA%29,BENGALURU RURAL%526,HOSAKOTE%5604,VENKATAPURA%625605
KARNATAKA%29,BENGALURU RURAL%526,HOSAKOTE%5604,VENKATAPUR (B)%910292
KARNATAKA%29,BENGALURU RURAL%526,HOSAKOTE%5604,VENKATESHAPURA%625524
KARNATAKA%29,BENGALURU RURAL%526,HOSAKOTE%5604,VIJAYAPURA%625655
KARNATAKA%29,BENGALURU RURAL%526,HOSAKOTE%5604,YEDAGONDAHALLI%625742
KARNATAKA%29,BENGALURU RURAL%526,HOSAKOTE%5604,YELACHAHALLI%625589
KARNATAKA%29,BENGALURU RURAL%526,HOSAKOTE%5604,YELACHAMMANAHALLI%625629
KARNATAKA%29,BENGALURU RURAL%526,HOSAKOTE%5604,YELACHANAYAKANAPURA%625692
KARNATAKA%29,BENGALURU RURAL%526,HOSAKOTE%5604,YENAGUNTE%625511
KARNATAKA%29,BENGALURU RURAL%526,HOSAKOTE%5604,YESHVANTHAPURA%625557
KARNATAKA%29,BENGALURU RURAL%526,HOSAKOTE%5604,YETHINAVADEYARAPURA%625512